Players,Appearances,YearLastPlayed
Andre Iguodala,1,2012
Andrew Bynum,1,2012
Antawn Jamison ,2,2008
Anthony Davis ,6,2020
Antoine Walker ,2,2003
Ben Wallace ,4,2006
Bradley Beal ,3,2021
Brandon Ingram ,1,2020
Brook Lopez ,1,2013
Carlos Boozer ,1,2008
Carmelo Anthony ,10,2017
D'Angelo Russell ,1,2019
David Lee ,2,2013
Dejounte Murray ,1,2022
Dwyane Wade ,12,2019
Eddie Jones ,1,2000
Elton Brand ,2,2006
Gordon Hayward ,1,2017
Grant Hill ,2,2005
Isaiah Thomas ,2,2017
Ja Morant ,2,2023
Jamaal Magloire ,1,2004
Jamal Mashburn ,1,2003
Jaren Jackson Jr ,1,2023
Jarrett Allen ,1,2022
Jaylen Brown ,2,2023
Jayson Tatum ,4,2023
Joe Johnson ,6,2014
Kemba Walker ,4,2020
Klay Thompson ,5,2019
Kyle Korver ,1,2015
LeBron James,19,2023
Luka Doncic,4,2023
Luol Deng ,2,2013
Manu Ginobili ,2,2011
Marc Gasol ,3,2017
Mehmet Okur ,1,2007
Michael Jordan ,2,2003
Mike Conley ,1,2021
Mo Williams ,1,2009
Nikola Jokic,5,2023
Nikola Vucevic,2,2021
Pascal Siakam ,2,2023
Rashard Lewis ,2,2009
Ray Allen ,10,2011
Ron Artest,1,2004
Shareef Abdur-Rahim ,1,2002
Steve Francis ,3,2004
Tim Duncan ,14,2015
Wally Szczerbiak ,1,2002
Zach Randolph ,2,2013
Zydrunas Ilgauskas,2,2005
