Player,Appearances,YearLastPlayed
Eddie Jones,1,2000
Elton Brand,2,2006
Fred VanVleet,1,2022
Gary Payton,4,2003
Gerald Wallace,1,2010
Giannis Antetokounmpo,7,2023
Gilbert Arenas,3,2007
Glenn Robinson,2,2001
Goran DragiÄ,1,2018
Gordon Hayward,1,2017
Grant Hill,2,2005
Isaiah Thomas,2,2017
Ja Morant,2,2023
Jamaal Magloire,1,2004
Jamal Mashburn,1,2003
James Harden,9,2021
Jaren Jackson Jr.,1,2023
Jarrett Allen,1,2022
Jason Kidd,7,2010
Jaylen Brown,2,2023
Jayson Tatum,4,2023
Jeff Teague,1,2015
Jermaine O'Neal,5,2007
Jerry Stackhouse,2,2001
Jimmy Butler,4,2022
Joakim Noah,2,2014
Joe Johnson,6,2014
Joel Embiid,5,2023
John Stockton,1,2000
John Wall,4,2017
Josh Howard,1,2007
Jrue Holiday,2,2023
Julius Randle,2,2023
Karl Malone,2,2001
Karl-Anthony Towns,3,2022
Kawhi Leonard,5,2021
Kemba Walker,4,2020
Kenyon Martin,1,2004
Kevin Durant,10,2019
Kevin Garnett,12,2013
Kevin Love,3,2014
Khris Middleton,3,2022
Klay Thompson,5,2019
Kobe Bryant,14,2016
Kyle Korver,1,2015
Kyle Lowry,6,2020
Kyrie Irving,8,2023
LaMarcus Aldridge,7,2019
LaMelo Ball,1,2022
Latrell Sprewell,1,2001
Lauri Markkanen,1,2023
LeBron James,19,2023
Luka Doncic,4,2023
Luol Deng,2,2013